review_number,case,source_path_relative,group,decision,decision_reason,contact_sheet,review_method
1,00009--abbtcmdafg--b8426f4f,W3DZH.big\Art\W3D\ABBtCmdAFG.w3d,missing-texture,accepted,Accepted: missing-texture warning is not visually consequential; model remains coherent and substantially textured.,C:\Users\Jeff\Documents\Codex\2026-08-18\in\w3d-production\output\00009--abbtcmdafg--b8426f4f\four-view.png,Manual four-view visual inspection
2,00043--abbtcmdrlg--b19a9bb2,W3DZH.big\Art\W3D\AbbtCmdrLG.w3d,missing-texture,accepted,Accepted: missing-texture warning is not visually consequential; model remains coherent and substantially textured.,C:\Users\Jeff\Documents\Codex\2026-08-18\in\w3d-production\output\00043--abbtcmdrlg--b19a9bb2\four-view.png,Manual four-view visual inspection
3,00094--abrailgun--807b9e6b,W3DZH.big\Art\W3D\ABRailGun.w3d,missing-texture,rejected,Rejected: missing material exposed the numbered UV-test texture across substantial geometry.,C:\Users\Jeff\Documents\Codex\2026-08-18\in\w3d-production\output\00094--abrailgun--807b9e6b\four-view.png,Manual four-view visual inspection
4,00109--absendrone--88601b77,W3DZH.big\Art\W3D\ABSENDRONE.w3d,missing-texture,rejected,Rejected: missing material exposed the numbered UV-test texture across substantial geometry.,C:\Users\Jeff\Documents\Codex\2026-08-18\in\w3d-production\output\00109--absendrone--88601b77\four-view.png,Manual four-view visual inspection
5,00127--abwarfact-e--28784840,W3DZH.big\Art\W3D\ABWarFact_E.w3d,missing-texture,accepted,Accepted: missing-texture warning is not visually consequential; model remains coherent and substantially textured.,C:\Users\Jeff\Documents\Codex\2026-08-18\in\w3d-production\output\00127--abwarfact-e--28784840\four-view.png,Manual four-view visual inspection
6,00228--avhelldrone-d3--5ba19ca9,W3DZH.big\Art\W3D\AVHellDrone_D3.w3d,missing-texture,accepted,Accepted: missing-texture warning is not visually consequential; model remains coherent and substantially textured.,C:\Users\Jeff\Documents\Codex\2026-08-18\in\w3d-production\output\00228--avhelldrone-d3--5ba19ca9\four-view.png,Manual four-view visual inspection
7,00234--avmoutpost--b857448f,W3DZH.big\Art\W3D\AVMOutpost.w3d,missing-texture,rejected,Rejected: missing material exposed the numbered UV-test texture across substantial geometry.,C:\Users\Jeff\Documents\Codex\2026-08-18\in\w3d-production\output\00234--avmoutpost--b857448f\four-view.png,Manual four-view visual inspection
8,00249--avrepdrone--d6f13b2e,W3DZH.big\Art\W3D\AVRepDrone.w3d,missing-texture,rejected,Rejected: missing material exposed the numbered UV-test texture across substantial geometry.,C:\Users\Jeff\Documents\Codex\2026-08-18\in\w3d-production\output\00249--avrepdrone--d6f13b2e\four-view.png,Manual four-view visual inspection
9,00263--avsniperd--a852fd83,W3DZH.big\Art\W3D\AVSniperD.w3d,missing-texture,rejected,Rejected: missing material exposed the numbered UV-test texture across substantial geometry.,C:\Users\Jeff\Documents\Codex\2026-08-18\in\w3d-production\output\00263--avsniperd--a852fd83\four-view.png,Manual four-view visual inspection
10,00268--avstldrone--56f29d9b,W3DZH.big\Art\W3D\AVStlDrone.w3d,missing-texture,rejected,Rejected: missing material exposed the numbered UV-test texture across substantial geometry.,C:\Users\Jeff\Documents\Codex\2026-08-18\in\w3d-production\output\00268--avstldrone--56f29d9b\four-view.png,Manual four-view visual inspection
11,00271--avtbd--be9eb410,W3DZH.big\Art\W3D\AVTBD.w3d,missing-texture,rejected,Rejected: missing material exposed the numbered UV-test texture across substantial geometry.,C:\Users\Jeff\Documents\Codex\2026-08-18\in\w3d-production\output\00271--avtbd--be9eb410\four-view.png,Manual four-view visual inspection
12,00717--cbgenrbbl01--c1cdaa75,W3DZH.big\Art\W3D\CBGenRbbl01.w3d,missing-texture,rejected,Rejected: missing material exposed the numbered UV-test texture across substantial geometry.,C:\Users\Jeff\Documents\Codex\2026-08-18\in\w3d-production\output\00717--cbgenrbbl01--c1cdaa75\four-view.png,Manual four-view visual inspection
13,00998--cbmogdis01-s--3a00f5f5,W3DZH.big\Art\W3D\CBMogdis01_s.w3d,missing-texture,accepted,Accepted: missing-texture warning is not visually consequential; model remains coherent and substantially textured.,C:\Users\Jeff\Documents\Codex\2026-08-18\in\w3d-production\output\00998--cbmogdis01-s--3a00f5f5\four-view.png,Manual four-view visual inspection
14,01701--cbtaltower-dn--1f02b326,W3DZH.big\Art\W3D\CBTalTower_DN.w3d,missing-texture,accepted,Accepted: missing-texture warning is not visually consequential; model remains coherent and substantially textured.,C:\Users\Jeff\Documents\Codex\2026-08-18\in\w3d-production\output\01701--cbtaltower-dn--1f02b326\four-view.png,Manual four-view visual inspection
15,01702--cbtaltower-dng--5e0b3d0c,W3DZH.big\Art\W3D\CBTalTower_DNG.w3d,missing-texture,accepted,Accepted: missing-texture warning is not visually consequential; model remains coherent and substantially textured.,C:\Users\Jeff\Documents\Codex\2026-08-18\in\w3d-production\output\01702--cbtaltower-dng--5e0b3d0c\four-view.png,Manual four-view visual inspection
16,01703--cbtaltower-n--825b8227,W3DZH.big\Art\W3D\CBTalTower_N.w3d,missing-texture,accepted,Accepted: missing-texture warning is not visually consequential; model remains coherent and substantially textured.,C:\Users\Jeff\Documents\Codex\2026-08-18\in\w3d-production\output\01703--cbtaltower-n--825b8227\four-view.png,Manual four-view visual inspection
17,01704--cbtaltower-ng--07b8c892,W3DZH.big\Art\W3D\CBTalTower_NG.w3d,missing-texture,accepted,Accepted: missing-texture warning is not visually consequential; model remains coherent and substantially textured.,C:\Users\Jeff\Documents\Codex\2026-08-18\in\w3d-production\output\01704--cbtaltower-ng--07b8c892\four-view.png,Manual four-view visual inspection
18,01711--cbtaprtmn1-rsn--00484a4b,W3DZH.big\Art\W3D\CBTAprtmn1_RSN.w3d,missing-texture,accepted,Accepted: missing-texture warning is not visually consequential; model remains coherent and substantially textured.,C:\Users\Jeff\Documents\Codex\2026-08-18\in\w3d-production\output\01711--cbtaprtmn1-rsn--00484a4b\four-view.png,Manual four-view visual inspection
19,01721--cbtaprtmn2-trd--49bddb72,W3DZH.big\Art\W3D\CBTAprtmn2_TRD.w3d,missing-texture,accepted,Accepted: missing-texture warning is not visually consequential; model remains coherent and substantially textured.,C:\Users\Jeff\Documents\Codex\2026-08-18\in\w3d-production\output\01721--cbtaprtmn2-trd--49bddb72\four-view.png,Manual four-view visual inspection
20,01726--cbtconvst1-ds01--5d77d560,W3DZH.big\Art\W3D\CBTConvSt1_ds01.w3d,missing-texture,accepted,Accepted: missing-texture warning is not visually consequential; model remains coherent and substantially textured.,C:\Users\Jeff\Documents\Codex\2026-08-18\in\w3d-production\output\01726--cbtconvst1-ds01--5d77d560\four-view.png,Manual four-view visual inspection
21,01976--cbthouse17-gs--ee08bf71,W3DZH.big\Art\W3D\cbthouse17_GS.w3d,missing-texture,rejected,Rejected: missing material exposed the numbered UV-test texture across substantial geometry.,C:\Users\Jeff\Documents\Codex\2026-08-18\in\w3d-production\output\01976--cbthouse17-gs--ee08bf71\four-view.png,Manual four-view visual inspection
22,02004--cbtoutpost-rn--46ec547b,W3DZH.big\Art\W3D\CBTOutpost_rn.w3d,missing-texture,accepted,Accepted: missing-texture warning is not visually consequential; model remains coherent and substantially textured.,C:\Users\Jeff\Documents\Codex\2026-08-18\in\w3d-production\output\02004--cbtoutpost-rn--46ec547b\four-view.png,Manual four-view visual inspection
23,02063--cbtower05-en--2368f406,W3DZH.big\Art\W3D\CBTower05_EN.w3d,missing-texture,accepted,Accepted: missing-texture warning is not visually consequential; model remains coherent and substantially textured.,C:\Users\Jeff\Documents\Codex\2026-08-18\in\w3d-production\output\02063--cbtower05-en--2368f406\four-view.png,Manual four-view visual inspection
24,02110--cbtrestrn2-df--86c0183f,W3DZH.big\Art\W3D\CBTRestrn2_df.w3d,missing-texture,accepted,Accepted: missing-texture warning is not visually consequential; model remains coherent and substantially textured.,C:\Users\Jeff\Documents\Codex\2026-08-18\in\w3d-production\output\02110--cbtrestrn2-df--86c0183f\four-view.png,Manual four-view visual inspection
25,02168--cbtsmlrtl2-esn--8e305e77,W3DZH.big\Art\W3D\CBTsmlrtl2_ESN.w3d,missing-texture,accepted,Accepted: missing-texture warning is not visually consequential; model remains coherent and substantially textured.,C:\Users\Jeff\Documents\Codex\2026-08-18\in\w3d-production\output\02168--cbtsmlrtl2-esn--8e305e77\four-view.png,Manual four-view visual inspection
26,02172--cbtsvtofc1-ds--c92c23e7,W3DZH.big\Art\W3D\CBTSvtOfc1_ds.w3d,missing-texture,accepted,Accepted: missing-texture warning is not visually consequential; model remains coherent and substantially textured.,C:\Users\Jeff\Documents\Codex\2026-08-18\in\w3d-production\output\02172--cbtsvtofc1-ds--c92c23e7\four-view.png,Manual four-view visual inspection
27,02220--cbttent02-en--f7f3ea2e,W3DZH.big\Art\W3D\CBTTent02_EN.w3d,missing-texture,accepted,Accepted: missing-texture warning is not visually consequential; model remains coherent and substantially textured.,C:\Users\Jeff\Documents\Codex\2026-08-18\in\w3d-production\output\02220--cbttent02-en--f7f3ea2e\four-view.png,Manual four-view visual inspection
28,02285--cbwfrwhrs2-rsn--53e3c479,W3DZH.big\Art\W3D\CBWFrWhrs2_RSN.w3d,missing-texture,accepted,Accepted: missing-texture warning is not visually consequential; model remains coherent and substantially textured.,C:\Users\Jeff\Documents\Codex\2026-08-18\in\w3d-production\output\02285--cbwfrwhrs2-rsn--53e3c479\four-view.png,Manual four-view visual inspection
29,02600--pmgrruin3--96d78de4,W3DZH.big\Art\W3D\Greek Ruin 03 - PMGRRUIN3.w3d,missing-texture,accepted,Accepted: missing-texture warning is not visually consequential; model remains coherent and substantially textured.,C:\Users\Jeff\Documents\Codex\2026-08-18\in\w3d-production\output\02600--pmgrruin3--96d78de4\four-view.png,Manual four-view visual inspection
30,02602--cbgreshop--33fa06cb,W3DZH.big\Art\W3D\Greek Shop - CBGRESHOP.w3d,missing-texture,accepted,Accepted: missing-texture warning is not visually consequential; model remains coherent and substantially textured.,C:\Users\Jeff\Documents\Codex\2026-08-18\in\w3d-production\output\02602--cbgreshop--33fa06cb\four-view.png,Manual four-view visual inspection
31,02637--nbanittgun--20dcc0ed,W3DZH.big\Art\W3D\NBAnitTGun.w3d,missing-texture,rejected,Rejected: missing material exposed the numbered UV-test texture across substantial geometry.,C:\Users\Jeff\Documents\Codex\2026-08-18\in\w3d-production\output\02637--nbanittgun--20dcc0ed\four-view.png,Manual four-view visual inspection
32,02703--nbfirestrm--aaa3c72b,W3DZH.big\Art\W3D\NBFireStrm.w3d,missing-texture,rejected,Rejected: missing material exposed the numbered UV-test texture across substantial geometry.,C:\Users\Jeff\Documents\Codex\2026-08-18\in\w3d-production\output\02703--nbfirestrm--aaa3c72b\four-view.png,Manual four-view visual inspection
33,02704--nbfturret--417fa2c5,W3DZH.big\Art\W3D\NBFTurret.w3d,missing-texture,rejected,Rejected: missing material exposed the numbered UV-test texture across substantial geometry.,C:\Users\Jeff\Documents\Codex\2026-08-18\in\w3d-production\output\02704--nbfturret--417fa2c5\four-view.png,Manual four-view visual inspection
34,02710--nbghowitzr--bfaf6417,W3DZH.big\Art\W3D\NBGHowitzr.w3d,missing-texture,rejected,Rejected: missing material exposed the numbered UV-test texture across substantial geometry.,C:\Users\Jeff\Documents\Codex\2026-08-18\in\w3d-production\output\02710--nbghowitzr--bfaf6417\four-view.png,Manual four-view visual inspection
35,02711--nbgtower--19042d5a,W3DZH.big\Art\W3D\NBGTower.w3d,missing-texture,rejected,Rejected: missing material exposed the numbered UV-test texture across substantial geometry.,C:\Users\Jeff\Documents\Codex\2026-08-18\in\w3d-production\output\02711--nbgtower--19042d5a\four-view.png,Manual four-view visual inspection
36,02780--nbnreactr--cda7ade6,W3DZH.big\Art\W3D\NBNReactr.w3d,missing-texture,rejected,Rejected: missing material exposed the numbered UV-test texture across substantial geometry.,C:\Users\Jeff\Documents\Codex\2026-08-18\in\w3d-production\output\02780--nbnreactr--cda7ade6\four-view.png,Manual four-view visual inspection
37,02781--nbpalace--e18cfb45,W3DZH.big\Art\W3D\NBPalace.w3d,missing-texture,rejected,Rejected: missing material exposed the numbered UV-test texture across substantial geometry.,C:\Users\Jeff\Documents\Codex\2026-08-18\in\w3d-production\output\02781--nbpalace--e18cfb45\four-view.png,Manual four-view visual inspection
38,02801--nbwall02y-ds--90cbe76e,W3DZH.big\Art\W3D\NBWall02Y_DS.w3d,missing-texture,accepted,Accepted: missing-texture warning is not visually consequential; model remains coherent and substantially textured.,C:\Users\Jeff\Documents\Codex\2026-08-18\in\w3d-production\output\02801--nbwall02y-ds--90cbe76e\four-view.png,Manual four-view visual inspection
39,02814--nvbrglayer--3fcf0df9,W3DZH.big\Art\W3D\NVBrgLayer.w3d,missing-texture,rejected,Rejected: missing material exposed the numbered UV-test texture across substantial geometry.,C:\Users\Jeff\Documents\Codex\2026-08-18\in\w3d-production\output\02814--nvbrglayer--3fcf0df9\four-view.png,Manual four-view visual inspection
40,02849--nvmoutpost--f3dec1e5,W3DZH.big\Art\W3D\NVMOutpost.w3d,missing-texture,rejected,Rejected: missing material exposed the numbered UV-test texture across substantial geometry.,C:\Users\Jeff\Documents\Codex\2026-08-18\in\w3d-production\output\02849--nvmoutpost--f3dec1e5\four-view.png,Manual four-view visual inspection
41,02876--nvtbd--4ffaeb17,W3DZH.big\Art\W3D\NVTBD.w3d,missing-texture,rejected,Rejected: missing material exposed the numbered UV-test texture across substantial geometry.,C:\Users\Jeff\Documents\Codex\2026-08-18\in\w3d-production\output\02876--nvtbd--4ffaeb17\four-view.png,Manual four-view visual inspection
42,02878--nvthowtzr--8f9adcbe,W3DZH.big\Art\W3D\NVTHowtzr.w3d,missing-texture,rejected,Rejected: missing material exposed the numbered UV-test texture across substantial geometry.,C:\Users\Jeff\Documents\Codex\2026-08-18\in\w3d-production\output\02878--nvthowtzr--8f9adcbe\four-view.png,Manual four-view visual inspection
43,02879--nvvtank--4334e0e8,W3DZH.big\Art\W3D\NVVTank.w3d,missing-texture,rejected,Rejected: missing material exposed the numbered UV-test texture across substantial geometry.,C:\Users\Jeff\Documents\Codex\2026-08-18\in\w3d-production\output\02879--nvvtank--4334e0e8\four-view.png,Manual four-view visual inspection
44,02880--nvwartank--3ecf3f9b,W3DZH.big\Art\W3D\NVWarTank.w3d,missing-texture,rejected,Rejected: missing material exposed the numbered UV-test texture across substantial geometry.,C:\Users\Jeff\Documents\Codex\2026-08-18\in\w3d-production\output\02880--nvwartank--3ecf3f9b\four-view.png,Manual four-view visual inspection
45,02927--pmconbar01--8829bd83,W3DZH.big\Art\W3D\PMCONBAR01.w3d,missing-texture,rejected,Rejected: missing material exposed the numbered UV-test texture across substantial geometry.,C:\Users\Jeff\Documents\Codex\2026-08-18\in\w3d-production\output\02927--pmconbar01--8829bd83\four-view.png,Manual four-view visual inspection
46,02928--pmconbar02--580ee6ec,W3DZH.big\Art\W3D\PMCONBAR02.w3d,missing-texture,rejected,Rejected: missing material exposed the numbered UV-test texture across substantial geometry.,C:\Users\Jeff\Documents\Codex\2026-08-18\in\w3d-production\output\02928--pmconbar02--580ee6ec\four-view.png,Manual four-view visual inspection
47,02952--pmdumpst01--1e4cd09c,W3DZH.big\Art\W3D\PMDumpst01.w3d,missing-texture,rejected,Rejected: missing material exposed the numbered UV-test texture across substantial geometry.,C:\Users\Jeff\Documents\Codex\2026-08-18\in\w3d-production\output\02952--pmdumpst01--1e4cd09c\four-view.png,Manual four-view visual inspection
48,02973--pmgrruin3-d--880eb311,W3DZH.big\Art\W3D\PMGRRUIN3_D.w3d,missing-texture,accepted,Accepted: missing-texture warning is not visually consequential; model remains coherent and substantially textured.,C:\Users\Jeff\Documents\Codex\2026-08-18\in\w3d-production\output\02973--pmgrruin3-d--880eb311\four-view.png,Manual four-view visual inspection
49,03032--pmpwrtower--50722fb6,W3DZH.big\Art\W3D\PMPWRTOWER.w3d,missing-texture,rejected,Rejected: missing material exposed the numbered UV-test texture across substantial geometry.,C:\Users\Jeff\Documents\Codex\2026-08-18\in\w3d-production\output\03032--pmpwrtower--50722fb6\four-view.png,Manual four-view visual inspection
50,03044--pmstcone--9f4c9b7f,W3DZH.big\Art\W3D\PMSTCONE.w3d,missing-texture,rejected,Rejected: missing material exposed the numbered UV-test texture across substantial geometry.,C:\Users\Jeff\Documents\Codex\2026-08-18\in\w3d-production\output\03044--pmstcone--9f4c9b7f\four-view.png,Manual four-view visual inspection
51,03147--pmwlplnend--04b549e1,W3DZH.big\Art\W3D\PMWlPlnEnd.w3d,missing-texture,rejected,Rejected: missing material exposed the numbered UV-test texture across substantial geometry.,C:\Users\Jeff\Documents\Codex\2026-08-18\in\w3d-production\output\03147--pmwlplnend--04b549e1\four-view.png,Manual four-view visual inspection
52,03187--ptreed02--59f020d5,W3DZH.big\Art\W3D\Reed Green 2 - PTReed02.w3d,missing-texture,rejected,Rejected: missing material exposed the numbered UV-test texture across substantial geometry.,C:\Users\Jeff\Documents\Codex\2026-08-18\in\w3d-production\output\03187--ptreed02--59f020d5\four-view.png,Manual four-view visual inspection
53,03233--ubarmdeal-f--60c12dbf,W3DZH.big\Art\W3D\UBArmDeal_f.w3d,missing-texture,accepted,Accepted: missing-texture warning is not visually consequential; model remains coherent and substantially textured.,C:\Users\Jeff\Documents\Codex\2026-08-18\in\w3d-production\output\03233--ubarmdeal-f--60c12dbf\four-view.png,Manual four-view visual inspection
54,03253--ubbarracks-f--a64ac4ce,W3DZH.big\Art\W3D\UBBarracks_f.w3d,missing-texture,accepted,Accepted: missing-texture warning is not visually consequential; model remains coherent and substantially textured.,C:\Users\Jeff\Documents\Codex\2026-08-18\in\w3d-production\output\03253--ubbarracks-f--a64ac4ce\four-view.png,Manual four-view visual inspection
55,03257--ubbarracksf-ns--d9e7a75b,W3DZH.big\Art\W3D\UBBarracksF_NS.w3d,missing-texture,accepted,Accepted: missing-texture warning is not visually consequential; model remains coherent and substantially textured.,C:\Users\Jeff\Documents\Codex\2026-08-18\in\w3d-production\output\03257--ubbarracksf-ns--d9e7a75b\four-view.png,Manual four-view visual inspection
56,03270--ubbarrkseg-r--c9b14124,W3DZH.big\Art\W3D\UBBarrksEG_R.w3d,missing-texture,accepted,Accepted: missing-texture warning is not visually consequential; model remains coherent and substantially textured.,C:\Users\Jeff\Documents\Codex\2026-08-18\in\w3d-production\output\03270--ubbarrkseg-r--c9b14124\four-view.png,Manual four-view visual inspection
57,03295--ubclstrmne--32401ab0,W3DZH.big\Art\W3D\UBClstrMne.w3d,missing-texture,rejected,Rejected: missing material exposed the numbered UV-test texture across substantial geometry.,C:\Users\Jeff\Documents\Codex\2026-08-18\in\w3d-production\output\03295--ubclstrmne--32401ab0\four-view.png,Manual four-view visual inspection
58,03392--ubconyard--d0c952ec,W3DZH.big\Art\W3D\UBConYard.w3d,missing-texture,rejected,Rejected: missing material exposed the numbered UV-test texture across substantial geometry.,C:\Users\Jeff\Documents\Codex\2026-08-18\in\w3d-production\output\03392--ubconyard--d0c952ec\four-view.png,Manual four-view visual inspection
59,03394--ubfieldgen--d717e1b1,W3DZH.big\Art\W3D\UBFieldGen.w3d,missing-texture,rejected,Rejected: missing material exposed the numbered UV-test texture across substantial geometry.,C:\Users\Jeff\Documents\Codex\2026-08-18\in\w3d-production\output\03394--ubfieldgen--d717e1b1\four-view.png,Manual four-view visual inspection
60,03403--ubmfield--faa26fde,W3DZH.big\Art\W3D\UBMField.w3d,missing-texture,rejected,Rejected: missing material exposed the numbered UV-test texture across substantial geometry.,C:\Users\Jeff\Documents\Codex\2026-08-18\in\w3d-production\output\03403--ubmfield--faa26fde\four-view.png,Manual four-view visual inspection
61,03419--ubpalaceegx--d2adc9c9,W3DZH.big\Art\W3D\UBPalaceEGX.w3d,missing-texture,accepted,Accepted: missing-texture warning is not visually consequential; model remains coherent and substantially textured.,C:\Users\Jeff\Documents\Codex\2026-08-18\in\w3d-production\output\03419--ubpalaceegx--d2adc9c9\four-view.png,Manual four-view visual inspection
62,03453--ubpwrplant--ab4b3aaf,W3DZH.big\Art\W3D\UBPwrPlant.w3d,missing-texture,accepted,Accepted: missing-texture warning is not visually consequential; model remains coherent and substantially textured.,C:\Users\Jeff\Documents\Codex\2026-08-18\in\w3d-production\output\03453--ubpwrplant--ab4b3aaf\four-view.png,Manual four-view visual inspection
63,03455--ubpwrplant-d--abb103f4,W3DZH.big\Art\W3D\UBPwrPlant_D.w3d,missing-texture,accepted,Accepted: missing-texture warning is not visually consequential; model remains coherent and substantially textured.,C:\Users\Jeff\Documents\Codex\2026-08-18\in\w3d-production\output\03455--ubpwrplant-d--abb103f4\four-view.png,Manual four-view visual inspection
64,03458--ubpwrplant-e--dd94272f,W3DZH.big\Art\W3D\UBPwrPlant_E.w3d,missing-texture,accepted,Accepted: missing-texture warning is not visually consequential; model remains coherent and substantially textured.,C:\Users\Jeff\Documents\Codex\2026-08-18\in\w3d-production\output\03458--ubpwrplant-e--dd94272f\four-view.png,Manual four-view visual inspection
65,03461--ubradarj--6e7f21c4,W3DZH.big\Art\W3D\UBRadarJ.w3d,missing-texture,rejected,Rejected: missing material exposed the numbered UV-test texture across substantial geometry.,C:\Users\Jeff\Documents\Codex\2026-08-18\in\w3d-production\output\03461--ubradarj--6e7f21c4\four-view.png,Manual four-view visual inspection
66,03462--ubrebelhq--ef2ae437,W3DZH.big\Art\W3D\UBRebelHQ.w3d,missing-texture,rejected,Rejected: missing material exposed the numbered UV-test texture across substantial geometry.,C:\Users\Jeff\Documents\Codex\2026-08-18\in\w3d-production\output\03462--ubrebelhq--ef2ae437\four-view.png,Manual four-view visual inspection
67,03481--ubsecretfa--8fb76015,W3DZH.big\Art\W3D\UBSecretFa.w3d,missing-texture,rejected,Rejected: missing material exposed the numbered UV-test texture across substantial geometry.,C:\Users\Jeff\Documents\Codex\2026-08-18\in\w3d-production\output\03481--ubsecretfa--8fb76015\four-view.png,Manual four-view visual inspection
68,03551--ubwall--7740b540,W3DZH.big\Art\W3D\UBWall.w3d,missing-texture,rejected,Rejected: missing material exposed the numbered UV-test texture across substantial geometry.,C:\Users\Jeff\Documents\Codex\2026-08-18\in\w3d-production\output\03551--ubwall--7740b540\four-view.png,Manual four-view visual inspection
69,03552--uvairace--82825671,W3DZH.big\Art\W3D\UVAirAce.w3d,missing-texture,rejected,Rejected: missing material exposed the numbered UV-test texture across substantial geometry.,C:\Users\Jeff\Documents\Codex\2026-08-18\in\w3d-production\output\03552--uvairace--82825671\four-view.png,Manual four-view visual inspection
70,03553--uvammotrck--22c7e5e7,W3DZH.big\Art\W3D\UVAmmoTrck.w3d,missing-texture,rejected,Rejected: missing material exposed the numbered UV-test texture across substantial geometry.,C:\Users\Jeff\Documents\Codex\2026-08-18\in\w3d-production\output\03553--uvammotrck--22c7e5e7\four-view.png,Manual four-view visual inspection
71,03558--uvbuggy--ef015e6e,W3DZH.big\Art\W3D\UVBuggy.w3d,missing-texture,rejected,Rejected: missing material exposed the numbered UV-test texture across substantial geometry.,C:\Users\Jeff\Documents\Codex\2026-08-18\in\w3d-production\output\03558--uvbuggy--ef015e6e\four-view.png,Manual four-view visual inspection
72,03594--uvconvoy--e6872955,W3DZH.big\Art\W3D\UVConvoy.w3d,missing-texture,rejected,Rejected: missing material exposed the numbered UV-test texture across substantial geometry.,C:\Users\Jeff\Documents\Codex\2026-08-18\in\w3d-production\output\03594--uvconvoy--e6872955\four-view.png,Manual four-view visual inspection
73,03600--uvmoutpost--bfb96a2c,W3DZH.big\Art\W3D\UVMOutpost.w3d,missing-texture,rejected,Rejected: missing material exposed the numbered UV-test texture across substantial geometry.,C:\Users\Jeff\Documents\Codex\2026-08-18\in\w3d-production\output\03600--uvmoutpost--bfb96a2c\four-view.png,Manual four-view visual inspection
74,03613--uvsniper--f2ef3622,W3DZH.big\Art\W3D\UVSniper.w3d,missing-texture,rejected,Rejected: missing material exposed the numbered UV-test texture across substantial geometry.,C:\Users\Jeff\Documents\Codex\2026-08-18\in\w3d-production\output\03613--uvsniper--f2ef3622\four-view.png,Manual four-view visual inspection
75,03614--uvspy--c4735112,W3DZH.big\Art\W3D\UVSpy.w3d,missing-texture,rejected,Rejected: missing material exposed the numbered UV-test texture across substantial geometry.,C:\Users\Jeff\Documents\Codex\2026-08-18\in\w3d-production\output\03614--uvspy--c4735112\four-view.png,Manual four-view visual inspection
76,03615--uvtbd--e1306757,W3DZH.big\Art\W3D\UVTBD.w3d,missing-texture,rejected,Rejected: missing material exposed the numbered UV-test texture across substantial geometry.,C:\Users\Jeff\Documents\Codex\2026-08-18\in\w3d-production\output\03615--uvtbd--e1306757\four-view.png,Manual four-view visual inspection
77,03660--zblndbay-ds--0a635beb,W3DZH.big\Art\W3D\ZBLndBay_DS.w3d,missing-texture,rejected,"Rejected: isolated state fragment, near-empty debris, or other geometry does not make a useful representative rendering.",C:\Users\Jeff\Documents\Codex\2026-08-18\in\w3d-production\output\03660--zblndbay-ds--0a635beb\four-view.png,Manual four-view visual inspection
78,03777--abbarracks-ns--0adfaefa,ZH_Generals\W3D.big\Art\W3D\ABBarracks_NS.w3d,missing-texture,accepted,Accepted: missing-texture warning is not visually consequential; model remains coherent and substantially textured.,C:\Users\Jeff\Documents\Codex\2026-08-18\in\w3d-production\output\03777--abbarracks-ns--0adfaefa\four-view.png,Manual four-view visual inspection
79,04032--abwarfact-ens--012f165a,ZH_Generals\W3D.big\Art\W3D\ABWarFact_ENS.w3d,missing-texture,accepted,Accepted: missing-texture warning is not visually consequential; model remains coherent and substantially textured.,C:\Users\Jeff\Documents\Codex\2026-08-18\in\w3d-production\output\04032--abwarfact-ens--012f165a\four-view.png,Manual four-view visual inspection
80,04095--cbnapart01--f38c4513,ZH_Generals\W3D.big\Art\W3D\Asian Apartment 01 - CBNApart01.w3d,missing-texture,accepted,Accepted: missing-texture warning is not visually consequential; model remains coherent and substantially textured.,C:\Users\Jeff\Documents\Codex\2026-08-18\in\w3d-production\output\04095--cbnapart01--f38c4513\four-view.png,Manual four-view visual inspection
81,04150--avconstdoz-d2--48f104c6,ZH_Generals\W3D.big\Art\W3D\avconstdoz_d2.w3d,missing-texture,rejected,"Rejected: isolated state fragment, near-empty debris, or other geometry does not make a useful representative rendering.",C:\Users\Jeff\Documents\Codex\2026-08-18\in\w3d-production\output\04150--avconstdoz-d2--48f104c6\four-view.png,Manual four-view visual inspection
82,04309--cbbrnshed-dg--2fa7a1b3,ZH_Generals\W3D.big\Art\W3D\CBBrnShed_dg.w3d,missing-texture,accepted,Accepted: missing-texture warning is not visually consequential; model remains coherent and substantially textured.,C:\Users\Jeff\Documents\Codex\2026-08-18\in\w3d-production\output\04309--cbbrnshed-dg--2fa7a1b3\four-view.png,Manual four-view visual inspection
83,04606--cbindwhs02-rn--22b8b922,ZH_Generals\W3D.big\Art\W3D\CBIndWhs02_RN.w3d,missing-texture,accepted,Accepted: missing-texture warning is not visually consequential; model remains coherent and substantially textured.,C:\Users\Jeff\Documents\Codex\2026-08-18\in\w3d-production\output\04606--cbindwhs02-rn--22b8b922\four-view.png,Manual four-view visual inspection
84,04629--cbmogdis01-en--68e99d09,ZH_Generals\W3D.big\Art\W3D\CBMogdis01_en.w3d,missing-texture,accepted,Accepted: missing-texture warning is not visually consequential; model remains coherent and substantially textured.,C:\Users\Jeff\Documents\Codex\2026-08-18\in\w3d-production\output\04629--cbmogdis01-en--68e99d09\four-view.png,Manual four-view visual inspection
85,05265--cbtgasstn-r--4cad1979,ZH_Generals\W3D.big\Art\W3D\CBTGasStn_R.w3d,missing-texture,accepted,Accepted: missing-texture warning is not visually consequential; model remains coherent and substantially textured.,C:\Users\Jeff\Documents\Codex\2026-08-18\in\w3d-production\output\05265--cbtgasstn-r--4cad1979\four-view.png,Manual four-view visual inspection
86,05558--cbtower-dsn--7f4d3e5d,ZH_Generals\W3D.big\Art\W3D\CBTower_dsn.w3d,missing-texture,rejected,"Rejected: isolated state fragment, near-empty debris, or other geometry does not make a useful representative rendering.",C:\Users\Jeff\Documents\Codex\2026-08-18\in\w3d-production\output\05558--cbtower-dsn--7f4d3e5d\four-view.png,Manual four-view visual inspection
87,05577--cbtownhs01-es--0d06f0a5,ZH_Generals\W3D.big\Art\W3D\CBTownHs01_ES.w3d,missing-texture,accepted,Accepted: missing-texture warning is not visually consequential; model remains coherent and substantially textured.,C:\Users\Jeff\Documents\Codex\2026-08-18\in\w3d-production\output\05577--cbtownhs01-es--0d06f0a5\four-view.png,Manual four-view visual inspection
88,05639--cbtsmlrtl03-g--45de1d8a,ZH_Generals\W3D.big\Art\W3D\CBTsmlrtl03_G.w3d,missing-texture,accepted,Accepted: missing-texture warning is not visually consequential; model remains coherent and substantially textured.,C:\Users\Jeff\Documents\Codex\2026-08-18\in\w3d-production\output\05639--cbtsmlrtl03-g--45de1d8a\four-view.png,Manual four-view visual inspection
89,05670--cbtsmlrtl2-ng--e6370ad5,ZH_Generals\W3D.big\Art\W3D\CBTsmlrtl2_NG.w3d,missing-texture,accepted,Accepted: missing-texture warning is not visually consequential; model remains coherent and substantially textured.,C:\Users\Jeff\Documents\Codex\2026-08-18\in\w3d-production\output\05670--cbtsmlrtl2-ng--e6370ad5\four-view.png,Manual four-view visual inspection
90,05759--cbwfrwhrs2-rn--33fb9ba6,ZH_Generals\W3D.big\Art\W3D\CBWFrWhrs2_RN.w3d,missing-texture,accepted,Accepted: missing-texture warning is not visually consequential; model remains coherent and substantially textured.,C:\Users\Jeff\Documents\Codex\2026-08-18\in\w3d-production\output\05759--cbwfrwhrs2-rn--33fb9ba6\four-view.png,Manual four-view visual inspection
91,05855--cmtgovbuil-en--a4db37ba,ZH_Generals\W3D.big\Art\W3D\CMTGovBuil_EN.w3d,missing-texture,accepted,Accepted: missing-texture warning is not visually consequential; model remains coherent and substantially textured.,C:\Users\Jeff\Documents\Codex\2026-08-18\in\w3d-production\output\05855--cmtgovbuil-en--a4db37ba\four-view.png,Manual four-view visual inspection
92,06142--cbthouse03--83ed5eb6,ZH_Generals\W3D.big\Art\W3D\Mogadishu House 03 - CBTHouse03.w3d,missing-texture,accepted,Accepted: missing-texture warning is not visually consequential; model remains coherent and substantially textured.,C:\Users\Jeff\Documents\Codex\2026-08-18\in\w3d-production\output\06142--cbthouse03--83ed5eb6\four-view.png,Manual four-view visual inspection
93,06381--nbpcenter-a6sn--5f026a8a,ZH_Generals\W3D.big\Art\W3D\NBPCenter_A6SN.w3d,missing-texture,accepted,Accepted: missing-texture warning is not visually consequential; model remains coherent and substantially textured.,C:\Users\Jeff\Documents\Codex\2026-08-18\in\w3d-production\output\06381--nbpcenter-a6sn--5f026a8a\four-view.png,Manual four-view visual inspection
94,06415--nbptower-dns--9aea9c79,ZH_Generals\W3D.big\Art\W3D\NBPTower_DNS.w3d,missing-texture,accepted,Accepted: missing-texture warning is not visually consequential; model remains coherent and substantially textured.,C:\Users\Jeff\Documents\Codex\2026-08-18\in\w3d-production\output\06415--nbptower-dns--9aea9c79\four-view.png,Manual four-view visual inspection
95,06416--nbptower-ds--8145167b,ZH_Generals\W3D.big\Art\W3D\NBPTower_DS.w3d,missing-texture,accepted,Accepted: missing-texture warning is not visually consequential; model remains coherent and substantially textured.,C:\Users\Jeff\Documents\Codex\2026-08-18\in\w3d-production\output\06416--nbptower-ds--8145167b\four-view.png,Manual four-view visual inspection
96,06419--nbptower-ens--ec134a14,ZH_Generals\W3D.big\Art\W3D\NBPTower_ENS.w3d,missing-texture,accepted,Accepted: missing-texture warning is not visually consequential; model remains coherent and substantially textured.,C:\Users\Jeff\Documents\Codex\2026-08-18\in\w3d-production\output\06419--nbptower-ens--ec134a14\four-view.png,Manual four-view visual inspection
97,06420--nbptower-es--1dff9cd6,ZH_Generals\W3D.big\Art\W3D\NBPTower_ES.w3d,missing-texture,accepted,Accepted: missing-texture warning is not visually consequential; model remains coherent and substantially textured.,C:\Users\Jeff\Documents\Codex\2026-08-18\in\w3d-production\output\06420--nbptower-es--1dff9cd6\four-view.png,Manual four-view visual inspection
98,06422--nbptower-ns--dd7d9215,ZH_Generals\W3D.big\Art\W3D\NBPTower_NS.w3d,missing-texture,accepted,Accepted: missing-texture warning is not visually consequential; model remains coherent and substantially textured.,C:\Users\Jeff\Documents\Codex\2026-08-18\in\w3d-production\output\06422--nbptower-ns--dd7d9215\four-view.png,Manual four-view visual inspection
99,06423--nbptower-s--464ea1fe,ZH_Generals\W3D.big\Art\W3D\NBPTower_S.w3d,missing-texture,accepted,Accepted: missing-texture warning is not visually consequential; model remains coherent and substantially textured.,C:\Users\Jeff\Documents\Codex\2026-08-18\in\w3d-production\output\06423--nbptower-s--464ea1fe\four-view.png,Manual four-view visual inspection
100,06810--ptspruce01-b--8e690365,ZH_Generals\W3D.big\Art\W3D\PTSpruce01_B.w3d,missing-texture,rejected,Rejected: vegetation is effectively an untextured dark silhouette.,C:\Users\Jeff\Documents\Codex\2026-08-18\in\w3d-production\output\06810--ptspruce01-b--8e690365\four-view.png,Manual four-view visual inspection
101,06929--cbtconvst2--4ec2d9e7,ZH_Generals\W3D.big\Art\W3D\Stan Convenience Store 02 - CBTConvSt2.w3d,missing-texture,accepted,Accepted: missing-texture warning is not visually consequential; model remains coherent and substantially textured.,C:\Users\Jeff\Documents\Codex\2026-08-18\in\w3d-production\output\06929--cbtconvst2--4ec2d9e7\four-view.png,Manual four-view visual inspection
102,07024--ptblossom01--4d1fca20,ZH_Generals\W3D.big\Art\W3D\Tree Cherry Blossom 01 - PTBlossom01.w3d,missing-texture,accepted,Accepted: missing-texture warning is not visually consequential; model remains coherent and substantially textured.,C:\Users\Jeff\Documents\Codex\2026-08-18\in\w3d-production\output\07024--ptblossom01--4d1fca20\four-view.png,Manual four-view visual inspection
103,07150--ubpalace-n--ccbae16e,ZH_Generals\W3D.big\Art\W3D\UBPalace_N.w3d,missing-texture,accepted,Accepted: missing-texture warning is not visually consequential; model remains coherent and substantially textured.,C:\Users\Jeff\Documents\Codex\2026-08-18\in\w3d-production\output\07150--ubpalace-n--ccbae16e\four-view.png,Manual four-view visual inspection
104,07354--zbrefinery-r--b02f1d10,ZH_Generals\W3D.big\Art\W3D\ZBRefinery_R.w3d,missing-texture,accepted,Accepted: missing-texture warning is not visually consequential; model remains coherent and substantially textured.,C:\Users\Jeff\Documents\Codex\2026-08-18\in\w3d-production\output\07354--zbrefinery-r--b02f1d10\four-view.png,Manual four-view visual inspection
105,00125--abwarfact-a2e--e727fd21,W3DZH.big\Art\W3D\ABWarFact_A2E.w3d,extreme-aspect,rejected,"Rejected: isolated state fragment, near-empty debris, or other geometry does not make a useful representative rendering.",C:\Users\Jeff\Documents\Codex\2026-08-18\in\w3d-production\output\00125--abwarfact-a2e--e727fd21\four-view.png,Manual four-view visual inspection
106,00175--cbnhongk02-tr--70a3b448,W3DZH.big\Art\W3D\Asian Mega Hotel 01 Bib - CBNHongK02_TR.w3d,extreme-aspect,accepted,Accepted: extreme bounds describe a legitimate flat or elongated asset that is coherent and fully framed.,C:\Users\Jeff\Documents\Codex\2026-08-18\in\w3d-production\output\00175--cbnhongk02-tr--70a3b448\four-view.png,Manual four-view visual inspection
107,00211--avchinook-d5--5ca09e3e,W3DZH.big\Art\W3D\AVChinook_d5.w3d,extreme-aspect,rejected,"Rejected: isolated state fragment, near-empty debris, or other geometry does not make a useful representative rendering.",C:\Users\Jeff\Documents\Codex\2026-08-18\in\w3d-production\output\00211--avchinook-d5--5ca09e3e\four-view.png,Manual four-view visual inspection
108,00237--avpowtruck-d3--5af4801a,W3DZH.big\Art\W3D\avpowtruck_d3.w3d,extreme-aspect,rejected,"Rejected: isolated state fragment, near-empty debris, or other geometry does not make a useful representative rendering.",C:\Users\Jeff\Documents\Codex\2026-08-18\in\w3d-production\output\00237--avpowtruck-d3--5af4801a\four-view.png,Manual four-view visual inspection
109,00923--cbindwhs01-dn--b76f591a,W3DZH.big\Art\W3D\CBIndWhs01_DN.w3d,extreme-aspect,rejected,"Rejected: isolated state fragment, near-empty debris, or other geometry does not make a useful representative rendering.",C:\Users\Jeff\Documents\Codex\2026-08-18\in\w3d-production\output\00923--cbindwhs01-dn--b76f591a\four-view.png,Manual four-view visual inspection
110,00927--cbindwhs01-dsn--f10299fb,W3DZH.big\Art\W3D\CBIndWhs01_DSN.w3d,extreme-aspect,rejected,"Rejected: isolated state fragment, near-empty debris, or other geometry does not make a useful representative rendering.",C:\Users\Jeff\Documents\Codex\2026-08-18\in\w3d-production\output\00927--cbindwhs01-dsn--f10299fb\four-view.png,Manual four-view visual inspection
111,01270--cbnhongk02-trd--cbf1fb9f,W3DZH.big\Art\W3D\CBNHongK02_TRD.w3d,extreme-aspect,accepted,Accepted: extreme bounds describe a legitimate flat or elongated asset that is coherent and fully framed.,C:\Users\Jeff\Documents\Codex\2026-08-18\in\w3d-production\output\01270--cbnhongk02-trd--cbf1fb9f\four-view.png,Manual four-view visual inspection
112,02363--cine-sun--c09183ed,W3DZH.big\Art\W3D\CINE Sun - CINE_Sun.w3d,extreme-aspect,rejected,Rejected: effect-like sun sprite is not a useful rigid-object conversion.,C:\Users\Jeff\Documents\Codex\2026-08-18\in\w3d-production\output\02363--cine-sun--c09183ed\four-view.png,Manual four-view visual inspection
113,02776--nbintcnt-f--5278596c,W3DZH.big\Art\W3D\NBIntCnt_F.w3d,extreme-aspect,rejected,"Rejected: isolated state fragment, near-empty debris, or other geometry does not make a useful representative rendering.",C:\Users\Jeff\Documents\Codex\2026-08-18\in\w3d-production\output\02776--nbintcnt-f--5278596c\four-view.png,Manual four-view visual inspection
114,02966--pmgrate01--cb6217c0,W3DZH.big\Art\W3D\PMGrate01.w3d,extreme-aspect,accepted,Accepted: extreme bounds describe a legitimate flat or elongated asset that is coherent and fully framed.,C:\Users\Jeff\Documents\Codex\2026-08-18\in\w3d-production\output\02966--pmgrate01--cb6217c0\four-view.png,Manual four-view visual inspection
115,02998--pmmanhle01--fe50aa09,W3DZH.big\Art\W3D\PMManhle01.w3d,extreme-aspect,accepted,Accepted: extreme bounds describe a legitimate flat or elongated asset that is coherent and fully framed.,C:\Users\Jeff\Documents\Codex\2026-08-18\in\w3d-production\output\02998--pmmanhle01--fe50aa09\four-view.png,Manual four-view visual inspection
116,03050--pmtileb01--991b67f3,W3DZH.big\Art\W3D\PMTileB01.w3d,extreme-aspect,accepted,Accepted: extreme bounds describe a legitimate flat or elongated asset that is coherent and fully framed.,C:\Users\Jeff\Documents\Codex\2026-08-18\in\w3d-production\output\03050--pmtileb01--991b67f3\four-view.png,Manual four-view visual inspection
117,03134--pmwalpckt2-ds--e35ad20d,W3DZH.big\Art\W3D\PMWalPckt2_DS.w3d,extreme-aspect,accepted,Accepted: extreme bounds describe a legitimate flat or elongated asset that is coherent and fully framed.,C:\Users\Jeff\Documents\Codex\2026-08-18\in\w3d-production\output\03134--pmwalpckt2-ds--e35ad20d\four-view.png,Manual four-view visual inspection
118,03135--pmwalpckt2-s--2cdf9081,W3DZH.big\Art\W3D\PMWalPckt2_S.w3d,extreme-aspect,accepted,Accepted: extreme bounds describe a legitimate flat or elongated asset that is coherent and fully framed.,C:\Users\Jeff\Documents\Codex\2026-08-18\in\w3d-production\output\03135--pmwalpckt2-s--2cdf9081\four-view.png,Manual four-view visual inspection
119,03393--ubdemotrap--bfc9b9ba,W3DZH.big\Art\W3D\UBDemoTrap.w3d,extreme-aspect,accepted,Accepted: extreme bounds describe a legitimate flat or elongated asset that is coherent and fully framed.,C:\Users\Jeff\Documents\Codex\2026-08-18\in\w3d-production\output\03393--ubdemotrap--bfc9b9ba\four-view.png,Manual four-view visual inspection
120,03442--ubprison-a7--0e291e75,W3DZH.big\Art\W3D\UBPrison_A7.w3d,extreme-aspect,accepted,Accepted: extreme bounds describe a legitimate flat or elongated asset that is coherent and fully framed.,C:\Users\Jeff\Documents\Codex\2026-08-18\in\w3d-production\output\03442--ubprison-a7--0e291e75\four-view.png,Manual four-view visual inspection
121,03445--ubprison-a8--3d399728,W3DZH.big\Art\W3D\UBPrison_A8.w3d,extreme-aspect,accepted,Accepted: extreme bounds describe a legitimate flat or elongated asset that is coherent and fully framed.,C:\Users\Jeff\Documents\Codex\2026-08-18\in\w3d-production\output\03445--ubprison-a8--3d399728\four-view.png,Manual four-view visual inspection
122,03456--ubpwrplant-d2--bea1c39b,W3DZH.big\Art\W3D\UBPwrPlant_D2.w3d,extreme-aspect,rejected,"Rejected: isolated state fragment, near-empty debris, or other geometry does not make a useful representative rendering.",C:\Users\Jeff\Documents\Codex\2026-08-18\in\w3d-production\output\03456--ubpwrplant-d2--bea1c39b\four-view.png,Manual four-view visual inspection
123,03735--abarfrccmd-a8--8f1845d8,ZH_Generals\W3D.big\Art\W3D\ABArFrcCmd_A8.w3d,extreme-aspect,rejected,"Rejected: isolated state fragment, near-empty debris, or other geometry does not make a useful representative rendering.",C:\Users\Jeff\Documents\Codex\2026-08-18\in\w3d-production\output\03735--abarfrccmd-a8--8f1845d8\four-view.png,Manual four-view visual inspection
124,03736--abarfrccmd-a9--a492360c,ZH_Generals\W3D.big\Art\W3D\ABArFrcCmd_A9.w3d,extreme-aspect,rejected,"Rejected: isolated state fragment, near-empty debris, or other geometry does not make a useful representative rendering.",C:\Users\Jeff\Documents\Codex\2026-08-18\in\w3d-production\output\03736--abarfrccmd-a9--a492360c\four-view.png,Manual four-view visual inspection
125,04019--abwarfact-a8--6218c45e,ZH_Generals\W3D.big\Art\W3D\ABWarFact_A8.w3d,extreme-aspect,rejected,"Rejected: isolated state fragment, near-empty debris, or other geometry does not make a useful representative rendering.",C:\Users\Jeff\Documents\Codex\2026-08-18\in\w3d-production\output\04019--abwarfact-a8--6218c45e\four-view.png,Manual four-view visual inspection
126,04020--abwarfact-a8d--a9c14f29,ZH_Generals\W3D.big\Art\W3D\ABWarFact_A8D.w3d,extreme-aspect,rejected,"Rejected: isolated state fragment, near-empty debris, or other geometry does not make a useful representative rendering.",C:\Users\Jeff\Documents\Codex\2026-08-18\in\w3d-production\output\04020--abwarfact-a8d--a9c14f29\four-view.png,Manual four-view visual inspection
127,04021--abwarfact-a8e--7fce8031,ZH_Generals\W3D.big\Art\W3D\ABWarFact_A8E.w3d,extreme-aspect,rejected,"Rejected: isolated state fragment, near-empty debris, or other geometry does not make a useful representative rendering.",C:\Users\Jeff\Documents\Codex\2026-08-18\in\w3d-production\output\04021--abwarfact-a8e--7fce8031\four-view.png,Manual four-view visual inspection
128,04097--cbnaptcom-tr--90c4e7cf,ZH_Generals\W3D.big\Art\W3D\Asian Apartment Complex Bib - CBNAptCom_TR.w3d,extreme-aspect,accepted,Accepted: extreme bounds describe a legitimate flat or elongated asset that is coherent and fully framed.,C:\Users\Jeff\Documents\Codex\2026-08-18\in\w3d-production\output\04097--cbnaptcom-tr--90c4e7cf\four-view.png,Manual four-view visual inspection
129,04757--cbnaptcom-trd--78111205,ZH_Generals\W3D.big\Art\W3D\CBNAptCom_TRD.w3d,extreme-aspect,accepted,Accepted: extreme bounds describe a legitimate flat or elongated asset that is coherent and fully framed.,C:\Users\Jeff\Documents\Codex\2026-08-18\in\w3d-production\output\04757--cbnaptcom-trd--78111205\four-view.png,Manual four-view visual inspection
130,05143--cbstadfield-d--288bd372,ZH_Generals\W3D.big\Art\W3D\CBStadField_D.w3d,extreme-aspect,accepted,Accepted: extreme bounds describe a legitimate flat or elongated asset that is coherent and fully framed.,C:\Users\Jeff\Documents\Codex\2026-08-18\in\w3d-production\output\05143--cbstadfield-d--288bd372\four-view.png,Manual four-view visual inspection
131,05144--cbstadfield-e--2da20c67,ZH_Generals\W3D.big\Art\W3D\CBStadField_E.w3d,extreme-aspect,accepted,Accepted: extreme bounds describe a legitimate flat or elongated asset that is coherent and fully framed.,C:\Users\Jeff\Documents\Codex\2026-08-18\in\w3d-production\output\05144--cbstadfield-e--2da20c67\four-view.png,Manual four-view visual inspection
132,05145--cbstadfield-r--bff086c6,ZH_Generals\W3D.big\Art\W3D\CBStadField_R.w3d,extreme-aspect,accepted,Accepted: extreme bounds describe a legitimate flat or elongated asset that is coherent and fully framed.,C:\Users\Jeff\Documents\Codex\2026-08-18\in\w3d-production\output\05145--cbstadfield-r--bff086c6\four-view.png,Manual four-view visual inspection
133,06127--pmmanhole--e8446fcd,ZH_Generals\W3D.big\Art\W3D\Man Hole Cover - PMManHole.w3d,extreme-aspect,accepted,Accepted: extreme bounds describe a legitimate flat or elongated asset that is coherent and fully framed.,C:\Users\Jeff\Documents\Codex\2026-08-18\in\w3d-production\output\06127--pmmanhole--e8446fcd\four-view.png,Manual four-view visual inspection
134,06181--nbairfield-a8--182a3912,ZH_Generals\W3D.big\Art\W3D\NBAirfield_A8.w3d,extreme-aspect,rejected,"Rejected: isolated state fragment, near-empty debris, or other geometry does not make a useful representative rendering.",C:\Users\Jeff\Documents\Codex\2026-08-18\in\w3d-production\output\06181--nbairfield-a8--182a3912\four-view.png,Manual four-view visual inspection
135,06608--pmwalpckt1--b5e58ed8,ZH_Generals\W3D.big\Art\W3D\Picket Fence 01 - PMWalPckt1.w3d,extreme-aspect,accepted,Accepted: extreme bounds describe a legitimate flat or elongated asset that is coherent and fully framed.,C:\Users\Jeff\Documents\Codex\2026-08-18\in\w3d-production\output\06608--pmwalpckt1--b5e58ed8\four-view.png,Manual four-view visual inspection
136,06657--pmmanhole-d--cb2b5a37,ZH_Generals\W3D.big\Art\W3D\PMManHole_d.w3d,extreme-aspect,accepted,Accepted: extreme bounds describe a legitimate flat or elongated asset that is coherent and fully framed.,C:\Users\Jeff\Documents\Codex\2026-08-18\in\w3d-production\output\06657--pmmanhole-d--cb2b5a37\four-view.png,Manual four-view visual inspection
137,06734--pmwalpckt1-d--ba4eb617,ZH_Generals\W3D.big\Art\W3D\PMWalPckt1_D.w3d,extreme-aspect,accepted,Accepted: extreme bounds describe a legitimate flat or elongated asset that is coherent and fully framed.,C:\Users\Jeff\Documents\Codex\2026-08-18\in\w3d-production\output\06734--pmwalpckt1-d--ba4eb617\four-view.png,Manual four-view visual inspection
138,06735--pmwalpckt2--2202a8ce,ZH_Generals\W3D.big\Art\W3D\PMWalPckt2.w3d,extreme-aspect,accepted,Accepted: extreme bounds describe a legitimate flat or elongated asset that is coherent and fully framed.,C:\Users\Jeff\Documents\Codex\2026-08-18\in\w3d-production\output\06735--pmwalpckt2--2202a8ce\four-view.png,Manual four-view visual inspection
139,06736--pmwalpckt2-d--ee7e72df,ZH_Generals\W3D.big\Art\W3D\PMWalPckt2_D.w3d,extreme-aspect,accepted,Accepted: extreme bounds describe a legitimate flat or elongated asset that is coherent and fully framed.,C:\Users\Jeff\Documents\Codex\2026-08-18\in\w3d-production\output\06736--pmwalpckt2-d--ee7e72df\four-view.png,Manual four-view visual inspection
140,06916--cbstadfield--d3afa0d4,ZH_Generals\W3D.big\Art\W3D\Soccer Stadium Field - CBStadField.w3d,extreme-aspect,accepted,Accepted: extreme bounds describe a legitimate flat or elongated asset that is coherent and fully framed.,C:\Users\Jeff\Documents\Codex\2026-08-18\in\w3d-production\output\06916--cbstadfield--d3afa0d4\four-view.png,Manual four-view visual inspection
141,07018--pmtrshpp01--5fc16a39,ZH_Generals\W3D.big\Art\W3D\Trash Paper 01 - PMTrshPp01.w3d,extreme-aspect,accepted,Accepted: extreme bounds describe a legitimate flat or elongated asset that is coherent and fully framed.,C:\Users\Jeff\Documents\Codex\2026-08-18\in\w3d-production\output\07018--pmtrshpp01--5fc16a39\four-view.png,Manual four-view visual inspection
142,07019--pmtrshpp02--f108e097,ZH_Generals\W3D.big\Art\W3D\Trash Paper 02 - PMTrshPp02.w3d,extreme-aspect,accepted,Accepted: extreme bounds describe a legitimate flat or elongated asset that is coherent and fully framed.,C:\Users\Jeff\Documents\Codex\2026-08-18\in\w3d-production\output\07019--pmtrshpp02--f108e097\four-view.png,Manual four-view visual inspection
143,07020--pmtrshpp03--f6186ddd,ZH_Generals\W3D.big\Art\W3D\Trash Paper 03 - PMTrshPp03.w3d,extreme-aspect,accepted,Accepted: extreme bounds describe a legitimate flat or elongated asset that is coherent and fully framed.,C:\Users\Jeff\Documents\Codex\2026-08-18\in\w3d-production\output\07020--pmtrshpp03--f6186ddd\four-view.png,Manual four-view visual inspection
